{
    "link=1000000000.0,node=1000000000.0": {
        "ring-based_allreduce": [
            1.221698716
        ],
        "2d_torus-5": [
            6.0076825440000015
        ]
    }
}