{
    "link=1000000000.0,node=1000000000.0": {
        "ring-3": [
            2.222714726
        ],
        "2d_torus-3": [
            4.918578308000001
        ]
    }
}