{
    "link=100000.0,node=100000.0": {
        "ring-based_allreduce": [
            12.641328015
        ],
        "hier_favg": [
            83.492395001
        ]
    },
    "link=1000000.0,node=1000000.0": {
        "ring-based_allreduce": [
            1.770640015
        ],
        "hier_favg": [
            7.756861970999999
        ]
    },
    "link=10000000.0,node=10000000.0": {
        "ring-based_allreduce": [
            0.728957411
        ],
        "hier_favg": [
            0.5468084000000002
        ]
    },
    "link=100000000.0,node=100000000.0": {
        "ring-based_allreduce": [
            0.642352931
        ],
        "hier_favg": [
            0.4143851999999999
        ]
    },
    "link=1000000000.0,node=1000000000.0": {
        "ring-based_allreduce": [
            0.633696803
        ],
        "hier_favg": [
            0.4102315199999995
        ]
    },
    "link=10000000000.0,node=10000000000.0": {
        "ring-based_allreduce": [
            0.632831139
        ],
        "hier_favg": [
            0.40981612000000034
        ]
    }
}