{
    "link=1000000.0,node=1000000.0": {
        "hier_favg": [
            7.755583573999999
        ],
        "complete-1": [
            5.3313900000000025
        ],
        "ring-based_allreduce": [
            1.7706400150000015
        ],
        "neighbour-1-hops=1": [
            1.1402849999999987
        ],
        "neighbour-30-hops=1": [
            33.196107033
        ],
        "ring-1": [
            0.8892279999999886
        ],
        "ring-30": [
            19.675024030000003
        ],
        "2d_torus-1": [
            2.056701999999987
        ],
        "2d_torus-30": [
            50.117796034999984
        ],
        "star-1": [
            2.4670519999999954
        ],
        "star-30": [
            95.14778502799999
        ],
        "random-1-probability=0.85": [
            4.972347000000013
        ],
        "random-30-probability=0.85": [
            117.62373106000001
        ]
    },
    "link=1000000000.0,node=1000000000.0": {
        "hier_favg": [
            0.4102315199999996
        ],
        "complete-1": [
            0.35633231200000015
        ],
        "ring-based_allreduce": [
            0.6336968029999994
        ],
        "neighbour-1-hops=1": [
            0.19374059999999993
        ],
        "neighbour-30-hops=1": [
            1.3705100679999997
        ],
        "ring-1": [
            0.33153099200000113
        ],
        "ring-30": [
            2.3351599800000002
        ],
        "2d_torus-1": [
            0.3563313839999971
        ],
        "2d_torus-30": [
            2.5230305800000004
        ],
        "star-1": [
            0.20511599199999964
        ],
        "star-30": [
            1.4681587880000038
        ],
        "random-1-probability=0.85": [
            0.35633231199999926
        ],
        "random-30-probability=0.85": [
            2.5433191400000013
        ]
    }
}