{
    "link=1000000000.0,node=1000000000.0": {
        "hier_favg": [
            0.3600850880000002,
            0.3600850880000017
        ],
        "complete-1": [
            0.32542284799999965,
            0.3254228479999952
        ],
        "ring-based_allreduce": [
            0.43571041099999874,
            0.4357104109999952
        ],
        "neighbour-1-hops=1": [
            0.16708152800000065,
            0.1670815280000042
        ],
        "neighbour-30-hops=1": [
            1.1945910279999978,
            1.1945910279999978
        ],
        "ring-1": [
            0.21793099199999943,
            0.21793099200000654
        ],
        "ring-30": [
            1.5399532439999994,
            1.539953244000003
        ],
        "2d_torus-1": [
            0.29852731200000093,
            0.2985273120000045
        ],
        "2d_torus-30": [
            2.1186048600000014,
            2.118604859999998
        ]
    }
}