{
    "link=1000000000.0,node=1000000000.0": {
        "ring-based_allreduce": [
            10.082805779,
            12.048680417999996,
            20.052226763000007,
            10.157165810999999,
            10.258573119000005,
            14.087131228000032,
            6.258573119000005,
            10.087131228000032,
            14.030200984999965,
            10.226198245000035
        ],
        "2d_torus-1": [
            1.5161822879999995,
            1.5181310480000008,
            1.42149049599999,
            1.5168999999999926,
            1.421089880000011,
            1.5162273120000123,
            1.5181310480000434,
            1.516173808000019,
            1.5161822879999818,
            1.5181310480000434
        ],
        "2d_torus-2": [
            3.7401319379999993,
            3.286094848999994,
            3.3718000000000075,
            3.0059633529999985,
            3.3725841530000196,
            3.0897563560000094,
            3.286094848999994,
            3.2868568249999726,
            3.7392227149999826,
            3.2851
        ],
        "ring-1": [
            1.4082790799999998,
            1.4082790799999998,
            1.2952999999999975,
            1.4082790799999998,
            1.408299999999997,
            0.5966112319999866,
            1.4082790799999998,
            0.5966112319999866,
            1.4082790799999998,
            1.4082790800000566
        ],
        "ring-2": [
            1.7337526580000002,
            1.734758193999994,
            1.5885999999999854,
            1.7337705630000073,
            1.7192999999999756,
            0.8058000000000334,
            1.734758193999994,
            0.8058000000000334,
            1.7337526580000144,
            1.734758194000051
        ],
        "star-1": [
            0.8870000000000005,
            0.88900000000001,
            0.8858999999999924,
            0.8992999999999824,
            1.6431206799999813,
            0.8121835759999954,
            0.8876999999999953,
            0.8121783760000199,
            0.8866999999999621,
            0.8888999999999214
        ],
        "star-2": [
            2.496845209,
            2.4315323769999964,
            2.5370116889999963,
            2.5100426489999847,
            2.545994089000004,
            2.5706716569999912,
            2.4620002809999733,
            2.565224536999949,
            2.491363304999993,
            2.4419148890000315
        ],
        "random-1": [
            1.5253000000000014,
            1.5264999999999986,
            1.217800000000011,
            1.5246999999999957,
            1.4142999999999688,
            1.530399999999986,
            1.526200000000017,
            1.530300000000011,
            1.5253000000000156,
            1.5266000000000304
        ],
        "random-2": [
            3.103545888999996,
            3.1487859850000035,
            3.3719000000000108,
            3.0891302409999923,
            3.372831857000051,
            3.1598444820000395,
            2.988474144999998,
            3.1593898099999933,
            3.10390000000001,
            3.1480000000000246
        ],
        "complete-1": [
            1.5272000000000006,
            1.5264999999999986,
            1.4271999999999991,
            1.5258000000000038,
            1.4302000000000135,
            1.5289999999999964,
            1.5264999999999986,
            1.529100000000028,
            1.527499999999975,
            1.526299999999992
        ],
        "hier_favg": [
            5.115115345999996,
            4.758029346000001,
            5.164401345999977,
            4.465935338000008,
            7.32089539399999,
            7.204178394000053,
            4.758029346000058,
            5.59073339400004,
            5.045869298000014,
            5.098728393999977
        ]
    }
}