{
    "train_loss": [
        1.9674514412879944,
        1.8517986437678338,
        1.805971963405609,
        1.7770718322197596,
        1.7529692755142847,
        1.730987547834714,
        1.6984453902641932,
        1.6749442544579507,
        1.66318295031786,
        1.655778779188792,
        1.649886594216029,
        1.6449114528298379,
        1.6406470856070519,
        1.6371660737196607,
        1.6340546083450318,
        1.6312268451849619,
        1.6284212961792945,
        1.6265730677048367,
        1.624829958180586,
        1.6223183570305506,
        1.6211940693855285,
        1.6196636193990706,
        1.6179280320803324,
        1.616410185893377,
        1.6156981529792147,
        1.6144229773680367,
        1.612959002951781,
        1.6122772387663522,
        1.6112737854321795,
        1.61020314236482,
        1.608993585209052,
        1.6080650668342906,
        1.6073140521844227,
        1.6067775042851766,
        1.6060566835602126,
        1.6055494652191797,
        1.6045867069562276,
        1.6041170810659724,
        1.6033867334326108,
        1.602885491847992,
        1.6017873674631118,
        1.6021868691841763,
        1.601147929231326,
        1.6001267066597942,
        1.5991852065920826,
        1.5992966174085936,
        1.598574550549189,
        1.5988510358333587,
        1.5984849868218103,
        1.59793691466252,
        1.6111492202679318,
        1.6106595091025036,
        1.6104952902595204,
        1.6099621149897576,
        1.609646808207035,
        1.6091089424490932,
        1.6091307158271473,
        1.6089547856648765,
        1.60848607758681,
        1.6082796243826547,
        1.607829180856546,
        1.6078157337506611
    ],
    "test_loss": [
        2.3174572616815565,
        2.2617561340332033,
        2.1968736439943313,
        2.1391045466065406,
        2.0936793744564057,
        2.059273788332939,
        2.0319605097174644,
        2.007274216413498,
        1.9836818382143975,
        1.9621089026331902,
        1.9435476705431938,
        1.9277441799640656,
        1.9140236586332322,
        1.9018981859087944,
        1.8907849803566932,
        1.8808696165680885,
        1.8722150832414628,
        1.864062675833702,
        1.8568743735551834,
        1.8503668531775475,
        1.8444347828626633,
        1.8386872604489326,
        1.8335631981492042,
        1.8287247553467751,
        1.8242951303720474,
        1.8200663387775422,
        1.816067488491535,
        1.8123468562960625,
        1.8088388726115228,
        1.80575188100338,
        1.802842390537262,
        1.7998577669262885,
        1.7967645049095153,
        1.7939980059862137,
        1.7913923978805542,
        1.7889675125479698,
        1.7867320880293847,
        1.7843999356031417,
        1.7824656158685683,
        1.7804959580302238,
        1.7783130064606667,
        1.7767662078142166,
        1.774598602950573,
        1.7728462994098664,
        1.7712946310639381,
        1.7697337597608567,
        1.768006257712841,
        1.7664351180195808,
        1.764862759411335,
        1.7634176060557365,
        1.7618604943156242,
        1.760833777487278,
        1.7595627427101135,
        1.758472204208374,
        1.7576113224029541,
        1.756564086675644,
        1.7556067407131195,
        1.7545948669314384,
        1.7537171304225923,
        1.7528648525476456,
        1.751911099255085,
        1.750843371450901
    ],
    "test_acc": [
        0.0941,
        0.27040000000000003,
        0.4732,
        0.5335,
        0.563,
        0.5865,
        0.6026,
        0.6184999999999999,
        0.6476,
        0.6778,
        0.6997,
        0.7121999999999999,
        0.7204,
        0.7255000000000001,
        0.7315,
        0.7361,
        0.7410000000000001,
        0.7444,
        0.7486,
        0.7509,
        0.7532,
        0.7556999999999999,
        0.757,
        0.7585999999999999,
        0.7606999999999999,
        0.7620999999999999,
        0.7635,
        0.7650999999999999,
        0.768,
        0.7694,
        0.7698999999999999,
        0.7709999999999999,
        0.7722,
        0.7736,
        0.775,
        0.7765000000000001,
        0.777,
        0.7779,
        0.7785,
        0.7797999999999999,
        0.7809999999999999,
        0.7805999999999998,
        0.7829999999999999,
        0.7843000000000001,
        0.7847,
        0.7848,
        0.7852,
        0.7859999999999999,
        0.7867000000000001,
        0.7877,
        0.7879999999999999,
        0.7881,
        0.7884,
        0.7890999999999999,
        0.7885,
        0.7889999999999999,
        0.7897,
        0.7898000000000001,
        0.7902000000000001,
        0.7901,
        0.7909999999999999,
        0.7921
    ]
}