{"intra": [0, 0, 0, 0, 0, 0, 0, 0, 0, 4.607651096835925, 4.607651096835925, 4.607651096835925, 4.607651096835925, 4.607651096835925, 4.607651096835925, 4.607651096835925, 4.607651096835925, 4.607651096835925, 4.607651096835925, 8.491699391122044, 8.491699391122044, 8.491699391122044, 8.491699391122044, 8.491699391122044, 8.491699391122044, 8.491699391122044, 8.491699391122044, 8.491699391122044, 8.491699391122044, 12.409469277498882, 12.409469277498882, 12.409469277498882, 12.409469277498882, 12.409469277498882, 12.409469277498882, 12.409469277498882, 12.409469277498882, 12.409469277498882, 12.409469277498882, 16.709295604978117, 16.709295604978117, 16.709295604978117, 16.709295604978117, 16.709295604978117, 16.709295604978117, 16.709295604978117, 16.709295604978117, 16.709295604978117, 16.709295604978117, 19.963532586250132, 19.963532586250132, 19.963532586250132, 19.963532586250132, 19.963532586250132, 19.963532586250132, 19.963532586250132, 19.963532586250132, 19.963532586250132, 19.963532586250132, 24.30127649621728, 24.30127649621728, 24.30127649621728, 24.30127649621728, 24.30127649621728, 24.30127649621728, 24.30127649621728, 24.30127649621728, 24.30127649621728, 24.30127649621728, 29.256281697169342, 29.256281697169342, 29.256281697169342, 29.256281697169342, 29.256281697169342, 29.256281697169342, 29.256281697169342, 29.256281697169342, 29.256281697169342, 29.256281697169342, 35.288113402315545, 35.288113402315545, 35.288113402315545, 35.288113402315545, 35.288113402315545, 35.288113402315545, 35.288113402315545, 35.288113402315545, 35.288113402315545, 35.288113402315545, 40.025327429238466, 40.025327429238466, 40.025327429238466, 40.025327429238466, 40.025327429238466, 40.025327429238466, 40.025327429238466, 40.025327429238466, 40.025327429238466, 40.025327429238466, 44.10591882459295, 44.10591882459295, 44.10591882459295, 44.10591882459295, 44.10591882459295, 44.10591882459295, 44.10591882459295, 44.10591882459295, 44.10591882459295, 44.10591882459295, 47.474425146085444, 47.474425146085444, 47.474425146085444, 47.474425146085444, 47.474425146085444, 47.474425146085444], "inter": [0, 0, 0, 0, 0, 0, 0, 0, 0, 4.607651096835925, 4.607651096835925, 4.607651096835925, 4.607651096835925, 4.607651096835925, 4.607651096835925, 4.607651096835925, 4.607651096835925, 4.607651096835925, 4.607651096835925, 8.491699391122044, 8.491699391122044, 8.491699391122044, 8.491699391122044, 8.491699391122044, 8.491699391122044, 8.491699391122044, 8.491699391122044, 8.491699391122044, 8.491699391122044, 12.409469277498882, 12.409469277498882, 12.409469277498882, 12.409469277498882, 12.409469277498882, 12.409469277498882, 12.409469277498882, 12.409469277498882, 12.409469277498882, 12.409469277498882, 16.709295604978117, 16.709295604978117, 16.709295604978117, 16.709295604978117, 16.709295604978117, 16.709295604978117, 16.709295604978117, 16.709295604978117, 16.709295604978117, 16.709295604978117, 19.963532586250132, 19.963532586250132, 19.963532586250132, 19.963532586250132, 19.963532586250132, 19.963532586250132, 19.963532586250132, 19.963532586250132, 19.963532586250132, 19.963532586250132, 24.30127649621728, 24.30127649621728, 24.30127649621728, 24.30127649621728, 24.30127649621728, 24.30127649621728, 24.30127649621728, 24.30127649621728, 24.30127649621728, 24.30127649621728, 29.256281697169342, 29.256281697169342, 29.256281697169342, 29.256281697169342, 29.256281697169342, 29.256281697169342, 29.256281697169342, 29.256281697169342, 29.256281697169342, 29.256281697169342, 35.288113402315545, 35.288113402315545, 35.288113402315545, 35.288113402315545, 35.288113402315545, 35.288113402315545, 35.288113402315545, 35.288113402315545, 35.288113402315545, 35.288113402315545, 40.025327429238466, 40.025327429238466, 40.025327429238466, 40.025327429238466, 40.025327429238466, 40.025327429238466, 40.025327429238466, 40.025327429238466, 40.025327429238466, 40.025327429238466, 44.10591882459295, 44.10591882459295, 44.10591882459295, 44.10591882459295, 44.10591882459295, 44.10591882459295, 44.10591882459295, 44.10591882459295, 44.10591882459295, 44.10591882459295, 47.474425146085444, 47.474425146085444, 47.474425146085444, 47.474425146085444, 47.474425146085444, 47.474425146085444]}