{"intra": [0, 0, 0, 0, 0, 0, 4.302111263299414, 4.302111263299414, 4.302111263299414, 4.302111263299414, 4.302111263299414, 4.302111263299414, 4.302111263299414, 9.236330398718923, 9.236330398718923, 9.236330398718923, 9.236330398718923, 9.236330398718923, 9.236330398718923, 9.236330398718923, 13.195181377010059, 13.195181377010059, 13.195181377010059, 13.195181377010059, 13.195181377010059, 13.195181377010059, 13.195181377010059, 17.975753877267564, 17.975753877267564, 17.975753877267564, 17.975753877267564, 17.975753877267564, 17.975753877267564, 17.975753877267564, 23.443577821226896, 23.443577821226896, 23.443577821226896, 23.443577821226896, 23.443577821226896, 23.443577821226896, 23.443577821226896, 26.794620688165782, 26.794620688165782, 26.794620688165782, 26.794620688165782, 26.794620688165782, 26.794620688165782, 26.794620688165782, 30.512373105663205, 30.512373105663205, 30.512373105663205, 30.512373105663205, 30.512373105663205, 30.512373105663205, 30.512373105663205, 34.59560736463569, 34.59560736463569, 34.59560736463569, 34.59560736463569, 34.59560736463569, 34.59560736463569, 34.59560736463569, 38.00027190062837, 38.00027190062837, 38.00027190062837, 38.00027190062837, 38.00027190062837, 38.00027190062837, 38.00027190062837, 42.676159108665196, 42.676159108665196, 42.676159108665196, 42.676159108665196, 42.676159108665196, 42.676159108665196, 42.676159108665196, 44.946122029561785, 44.946122029561785, 44.946122029561785, 44.946122029561785, 44.946122029561785, 44.946122029561785, 44.946122029561785, 48.928168952388994, 48.928168952388994, 48.928168952388994, 48.928168952388994, 48.928168952388994, 48.928168952388994, 48.928168952388994, 53.24019322643313, 53.24019322643313, 53.24019322643313, 53.24019322643313, 53.24019322643313, 53.24019322643313, 53.24019322643313, 58.68093489743629, 58.68093489743629, 58.68093489743629, 58.68093489743629, 58.68093489743629, 58.68093489743629, 58.68093489743629, 62.847283399068836, 62.847283399068836, 62.847283399068836, 62.847283399068836, 62.847283399068836, 62.847283399068836, 62.847283399068836], "inter": [0, 0, 0, 0, 0, 0, 4.302111263299414, 4.302111263299414, 4.302111263299414, 4.302111263299414, 4.302111263299414, 4.302111263299414, 4.302111263299414, 9.236330398718923, 9.236330398718923, 9.236330398718923, 9.236330398718923, 9.236330398718923, 9.236330398718923, 9.236330398718923, 13.195181377010059, 13.195181377010059, 13.195181377010059, 13.195181377010059, 13.195181377010059, 13.195181377010059, 13.195181377010059, 17.975753877267564, 17.975753877267564, 17.975753877267564, 17.975753877267564, 17.975753877267564, 17.975753877267564, 17.975753877267564, 23.443577821226896, 23.443577821226896, 23.443577821226896, 23.443577821226896, 23.443577821226896, 23.443577821226896, 23.443577821226896, 26.794620688165782, 26.794620688165782, 26.794620688165782, 26.794620688165782, 26.794620688165782, 26.794620688165782, 26.794620688165782, 30.512373105663205, 30.512373105663205, 30.512373105663205, 30.512373105663205, 30.512373105663205, 30.512373105663205, 30.512373105663205, 34.59560736463569, 34.59560736463569, 34.59560736463569, 34.59560736463569, 34.59560736463569, 34.59560736463569, 34.59560736463569, 38.00027190062837, 38.00027190062837, 38.00027190062837, 38.00027190062837, 38.00027190062837, 38.00027190062837, 38.00027190062837, 42.676159108665196, 42.676159108665196, 42.676159108665196, 42.676159108665196, 42.676159108665196, 42.676159108665196, 42.676159108665196, 44.946122029561785, 44.946122029561785, 44.946122029561785, 44.946122029561785, 44.946122029561785, 44.946122029561785, 44.946122029561785, 48.928168952388994, 48.928168952388994, 48.928168952388994, 48.928168952388994, 48.928168952388994, 48.928168952388994, 48.928168952388994, 53.24019322643313, 53.24019322643313, 53.24019322643313, 53.24019322643313, 53.24019322643313, 53.24019322643313, 53.24019322643313, 58.68093489743629, 58.68093489743629, 58.68093489743629, 58.68093489743629, 58.68093489743629, 58.68093489743629, 58.68093489743629, 62.847283399068836, 62.847283399068836, 62.847283399068836, 62.847283399068836, 62.847283399068836, 62.847283399068836, 62.847283399068836]}