{
    "train_loss": [
        1.9371866252024972,
        1.8163839258750278,
        1.79049112757047,
        1.7251295425494513,
        1.716154534916083,
        1.6722827492157617,
        1.665519118309021,
        1.6450197347998619,
        1.6460658356547355,
        1.6303151858846348,
        1.6347766872247058,
        1.6204360391696293,
        1.6256773868203163,
        1.6139672084649406,
        1.6192602291703224,
        1.6087875065207482,
        1.6145730206370354,
        1.6037289079030357,
        1.610804472565651,
        1.6002917271852493,
        1.6069316342473032,
        1.597001097400983,
        1.604557326634725,
        1.5940403260787326,
        1.60198571374019,
        1.591694673796495,
        1.5994641331831614,
        1.590103982289632,
        1.597695417602857,
        1.587943166991075,
        1.5960567801197367,
        1.5855670392513275,
        1.5940666207671166,
        1.5840901127457618,
        1.5929621506730713,
        1.5833353466788926,
        1.5914557258288065,
        1.5820674042900404,
        1.5903283472855885,
        1.580496147274971,
        1.5895756196975708,
        1.579962935646375,
        1.5879972019791604,
        1.5786531206965446,
        1.587721037666003,
        1.5774026875694591,
        1.5863409642378488,
        1.5768831663330394,
        1.5856480637192727,
        1.5757719708482423,
        1.5989815280834834,
        1.5868902427951497,
        1.5985739511251453,
        1.5862975987792014,
        1.597635377049446,
        1.5853449754913649,
        1.5965049542983374,
        1.5851335593064626,
        1.5964481010039648,
        1.584488298694293,
        1.5958557830254236,
        1.5840352474649748,
        1.5952787883083024,
        1.5832331075270971,
        1.5948435394962628,
        1.5832406398653984,
        1.5942373646299044,
        1.5827316402395564,
        1.5939223272601766,
        1.5821973171830177,
        1.5934685658415157,
        1.581287719508012,
        1.5925082952777543,
        1.5811970548828445,
        1.5926344815889997,
        1.5806517581144965,
        1.5917269360025725,
        1.580079702238242,
        1.5914052891731263,
        1.5797473964095117,
        1.5909426302711167,
        1.5794606652855874
    ],
    "test_loss": [
        2.3174572616815565,
        2.2611917167901994,
        2.218620553612709,
        2.1955501407384874,
        2.1199152916669846,
        2.1283304899930955,
        2.049101845920086,
        2.080135355889797,
        1.996482180058956,
        2.037853267788887,
        1.958343280851841,
        2.003914254903793,
        1.929026047885418,
        1.976580837368965,
        1.905996134877205,
        1.954619400203228,
        1.8878872275352478,
        1.9350117787718772,
        1.8724193707108499,
        1.9196605563163758,
        1.8593920394778252,
        1.9054646655917167,
        1.8485538825392722,
        1.8931671977043152,
        1.8391289800405501,
        1.8837608322501183,
        1.830877560377121,
        1.8746862664818764,
        1.8235905036330222,
        1.8659323573112487,
        1.8169923797249794,
        1.8589558273553848,
        1.8109188437461854,
        1.852624998986721,
        1.8056895464658738,
        1.8463651582598686,
        1.8006739884614944,
        1.8414770439267159,
        1.7963643670082092,
        1.8357262566685677,
        1.7921718508005142,
        1.8317347839474678,
        1.7885319679975509,
        1.8274575427174569,
        1.78486510515213,
        1.8232128009200097,
        1.7815369576215745,
        1.8193924233317376,
        1.7783678740262985,
        1.8162346854805946,
        1.7753311797976494,
        1.8047381326556207,
        1.7729779332876205,
        1.801967868208885,
        1.7708959802985191,
        1.7998100876808167,
        1.7687061339616776,
        1.797733236849308,
        1.7668252021074295,
        1.795071779191494,
        1.7648159101605416,
        1.7933997422456742,
        1.7630336999893188,
        1.7919105038046836,
        1.7612646326422692,
        1.7894754648208617,
        1.7596100568771362,
        1.7881025969982147,
        1.7579826980829238,
        1.78597651720047,
        1.7564546018838882,
        1.7842829644680023,
        1.7550726383924484,
        1.7829943805933,
        1.7537842720746994,
        1.7808412671089173,
        1.7522258415818215,
        1.780145536363125,
        1.7509159415960311,
        1.7780984744429589,
        1.7494326189160347,
        1.7770193204283715
    ],
    "test_acc": [
        0.0941,
        0.17120000000000002,
        0.42829999999999996,
        0.28559999999999997,
        0.5501999999999999,
        0.3752,
        0.6021,
        0.43520000000000003,
        0.6738,
        0.49770000000000003,
        0.6947,
        0.5342999999999999,
        0.7066,
        0.5626,
        0.7178,
        0.5847,
        0.7239,
        0.6058,
        0.7315999999999999,
        0.6201,
        0.7364,
        0.6334000000000001,
        0.7421000000000001,
        0.6451,
        0.7465999999999999,
        0.6535000000000001,
        0.7496,
        0.6607,
        0.7539,
        0.6689,
        0.7571000000000001,
        0.6740999999999999,
        0.7606,
        0.6796000000000001,
        0.7633,
        0.6850999999999999,
        0.7653,
        0.6881999999999999,
        0.7664,
        0.6937000000000001,
        0.7689,
        0.6964,
        0.7691,
        0.6992,
        0.7719,
        0.7021999999999999,
        0.773,
        0.7038999999999999,
        0.7751,
        0.7059000000000001,
        0.7763,
        0.7175,
        0.7775,
        0.72,
        0.7785,
        0.7211,
        0.7793000000000001,
        0.7223999999999999,
        0.7803999999999999,
        0.7251000000000001,
        0.7807999999999999,
        0.7256999999999999,
        0.7815000000000001,
        0.7265999999999999,
        0.7829,
        0.7290000000000001,
        0.7842,
        0.7297999999999999,
        0.7858000000000002,
        0.7317,
        0.7868,
        0.7332000000000001,
        0.7872,
        0.7341,
        0.7873,
        0.7361,
        0.7881999999999999,
        0.7363000000000001,
        0.7888,
        0.7376999999999999,
        0.7894,
        0.7378
    ]
}