{
    "train_loss": [
        1.8779165446758272,
        1.7731438787778218,
        1.722588309844335,
        1.6770383980870247,
        1.6482268260916073,
        1.6312847886482877,
        1.6206891799966494,
        1.6124259665608403,
        1.6064613027373948,
        1.601778917213281,
        1.597938699622949,
        1.5947456757227578,
        1.5917924379309016,
        1.589366360406081,
        1.5869572046399116,
        1.5850927471121152,
        1.583427645166715,
        1.5815100148320198,
        1.580374640127023,
        1.5786429598927498,
        1.5781230196356772,
        1.577377061843872,
        1.5752794750531514,
        1.5746022911866506,
        1.573635542889436,
        1.5727801936864854,
        1.5721513829628628,
        1.5713068277637166,
        1.5703489077091217,
        1.5700222657124203,
        1.5698929434021316,
        1.568652461071809,
        1.5684863827625912,
        1.5670720585187277,
        1.5675041384498278,
        1.5667055452863377,
        1.566169554491838,
        1.5655340260267259,
        1.5652593042453131,
        1.5646198744575184,
        1.5648922398686411,
        1.5641276853283244,
        1.5637759962677955,
        1.563027789493402,
        1.5634821599721906,
        1.5628170490264892,
        1.562925900220871,
        1.5622557197014493,
        1.5617949228485426,
        1.5613893830776215,
        1.5761349930365882,
        1.5766052586833639,
        1.5761797831455868,
        1.5759096599618594,
        1.5754935956001281,
        1.5757094655434292,
        1.5751457399129867,
        1.5750354698300362,
        1.574693616727988,
        1.574529241522153,
        1.5741673587759337,
        1.5737406941254932
    ],
    "test_loss": [
        2.3174572616815565,
        2.2712858438491823,
        2.2200429856777193,
        2.1712507009506226,
        2.1274684011936187,
        2.090387578308582,
        2.0590351447463036,
        2.032253493368626,
        2.0093852311372755,
        1.9902460128068924,
        1.9728978380560875,
        1.9581789299845695,
        1.9449948027729989,
        1.9329721599817276,
        1.9222684517502784,
        1.9124096110463142,
        1.9038402989506722,
        1.8961824893951416,
        1.8889177054166795,
        1.8824692621827126,
        1.875919383764267,
        1.870033399760723,
        1.8646223202347756,
        1.859836494922638,
        1.855268268287182,
        1.8508498236536979,
        1.8466676205396653,
        1.8427686125040055,
        1.839173573255539,
        1.8356012403964996,
        1.8323895692825318,
        1.829181756079197,
        1.8264873042702674,
        1.8235007956624032,
        1.8207763835787774,
        1.8182955279946327,
        1.8157312974333764,
        1.813259445130825,
        1.8110546335577964,
        1.809041577577591,
        1.8066549718379974,
        1.8047181531786918,
        1.8027241706848145,
        1.8005827054381371,
        1.7988246813416482,
        1.7972163558006287,
        1.7952476039528846,
        1.7938565909862518,
        1.792137749493122,
        1.7905747801065446,
        1.7890452846884728,
        1.7875866636633873,
        1.786417579650879,
        1.7851341396570206,
        1.783965604007244,
        1.7830114766955376,
        1.7818412229418754,
        1.7808526441454888,
        1.7797520965337754,
        1.7787712246179581,
        1.7776891157031058,
        1.7768205463886262
    ],
    "test_acc": [
        0.0941,
        0.22089999999999996,
        0.4169,
        0.49340000000000006,
        0.5459999999999999,
        0.5934999999999999,
        0.6374,
        0.6602,
        0.6722999999999999,
        0.6840999999999999,
        0.693,
        0.6981,
        0.7044,
        0.7119999999999999,
        0.7156999999999999,
        0.7196000000000001,
        0.7231000000000001,
        0.7275999999999999,
        0.7313000000000001,
        0.7332000000000001,
        0.7376,
        0.7396,
        0.7432,
        0.7452,
        0.7465999999999999,
        0.7476,
        0.7487999999999999,
        0.7509,
        0.7532,
        0.7556,
        0.7561,
        0.7581,
        0.7577000000000002,
        0.7598,
        0.7606999999999999,
        0.7615999999999999,
        0.7624000000000001,
        0.7642,
        0.7646999999999999,
        0.7655,
        0.767,
        0.7681999999999999,
        0.7691,
        0.7709999999999999,
        0.7718,
        0.7720999999999999,
        0.7735,
        0.7739,
        0.7753,
        0.7755,
        0.7763,
        0.7769999999999999,
        0.7768999999999999,
        0.7777000000000001,
        0.7784,
        0.7783,
        0.7785,
        0.7794,
        0.7798999999999999,
        0.7809,
        0.7816,
        0.7816
    ]
}