{
    "link=1000000000.0,node=1000000000.0": {
        "2d_torus-1": [
            0.9271,
            0.9271652719999963,
            0.8671928559999884,
            0.9270999999999958,
            0.8671928560000026,
            0.9270140079999578,
            0.9271652720000247,
            0.9270140079999578,
            0.9270999999999958,
            0.9271652720000247
        ],
        "2d_torus-30": [
            6.0492918410000005,
            6.360191897,
            5.846032520999998,
            5.465675782000005,
            4.160599999999988,
            3.5401650679999648,
            4.489898664000009,
            4.581484792999959,
            5.352086793000012,
            4.486099999999965
        ],
        "ring-1": [
            0.8628135520000004,
            0.8628135519999915,
            0.7920000000000016,
            0.8628135520000058,
            0.8628135519999773,
            0.3593000000000188,
            0.8628135520000342,
            0.359299999999962,
            0.8628135519999773,
            0.8628135519999205
        ],
        "ring-30": [
            3.0771999999999995,
            3.077299999999994,
            8.453428102999993,
            10.13449073800001,
            3.7643886540000153,
            1.4078000000000088,
            3.005310881000014,
            1.4078000000000088,
            14.083799999999997,
            3.1046959340000058
        ],
        "star-1": [
            0.5339000000000027,
            0.5338999999999885,
            0.5338999999999885,
            0.5339000000000169,
            0.5338999999999601,
            0.486500000000035,
            0.5338999999999601,
            0.48649999999997817,
            0.5339000000000169,
            0.5339000000000169
        ],
        "star-30": [
            2.4132999999999996,
            2.4784000000000077,
            4.00030000000001,
            2.350599999999986,
            2.638363145000028,
            2.1544999999999845,
            2.478400000000022,
            2.6064562329999603,
            6.029283633999967,
            6.049881666000033
        ],
        "random-1": [
            0.9270999999999994,
            0.9271657360000063,
            0.7413000000000238,
            0.9270999999999958,
            0.8632000000000062,
            0.9270999999999958,
            0.9271657360000063,
            0.9270999999999958,
            0.9270999999999958,
            0.9271657360000063
        ],
        "random-30": [
            4.329199999999997,
            4.388800000000003,
            4.8904,
            4.469273633,
            6.2949300010000115,
            3.8684000000000083,
            3.8023000000000025,
            8.250500000000045,
            6.291000000000054,
            4.466099999999983
        ],
        "complete-1": [
            0.9271000000000029,
            0.9271999999999991,
            0.8674000000000035,
            0.9270999999999958,
            0.8673999999999751,
            0.9270999999999958,
            0.9272000000000276,
            0.9270999999999958,
            0.9270999999999958,
            0.9271999999999707
        ],
        "hier_favg": [
            4.628435346000003,
            4.421701345999978,
            4.656969345999983,
            4.246276090000009,
            6.747573601999989,
            6.680000602000064,
            4.4217013459999635,
            4.903795602000059,
            4.588343089999967,
            4.618950601999927
        ],
        "ring-based_allreduce": [
            10.060073138,
            12.033568160999991,
            20.029494122000017,
            10.134433170000023,
            10.205371230999958,
            14.056777020000027,
            6.205371230999958,
            10.056777020000027,
            14.022710281000059,
            10.188220852999962
        ]
    }
}