{"intra": [0, 0, 0, 0, 0, 0, 0, 0, 0, 0, 0, 0, 0, 0, 0, 0, 0, 0, 0, 0, 0, 0, 0, 0, 0, 0, 0, 0, 0, 0, 0, 0, 0, 0, 0, 0, 0, 0, 0, 0, 0, 0, 0, 0, 0, 0, 0, 0, 0, 0, 0, 0, 0, 0, 0, 0, 0, 0, 0, 0, 0, 0, 0, 0, 0, 0, 0, 0, 0, 4.656156348160789, 4.656156348160789, 4.656156348160789, 4.656156348160789, 4.656156348160789, 4.656156348160789, 4.656156348160789, 4.656156348160789, 4.656156348160789, 4.656156348160789, 4.656156348160789, 4.656156348160789, 4.656156348160789, 4.656156348160789, 4.656156348160789, 4.656156348160789, 4.656156348160789, 4.656156348160789, 4.656156348160789, 4.656156348160789, 4.656156348160789, 4.656156348160789, 4.656156348160789, 4.656156348160789, 4.656156348160789, 4.656156348160789, 4.656156348160789, 4.656156348160789, 4.656156348160789, 4.656156348160789, 4.656156348160789, 4.656156348160789, 4.656156348160789, 4.656156348160789, 4.656156348160789, 4.656156348160789, 4.656156348160789, 4.656156348160789, 4.656156348160789, 4.656156348160789, 4.656156348160789, 4.656156348160789, 4.656156348160789, 4.656156348160789, 4.656156348160789, 4.656156348160789, 4.656156348160789, 4.656156348160789, 4.656156348160789, 4.656156348160789, 4.656156348160789, 4.656156348160789, 4.656156348160789, 4.656156348160789, 4.656156348160789, 4.656156348160789, 4.656156348160789], "inter": [0, 0, 0, 0, 0, 0, 0, 0, 0, 0, 0, 0, 0, 0, 0, 0, 0, 0, 0, 0, 0, 0, 0, 0, 0, 0, 0, 0, 0, 0, 0, 0, 0, 0, 0, 0, 0, 0, 0, 0, 0, 0, 0, 0, 0, 0, 0, 0, 0, 0, 0, 0, 0, 0, 0, 0, 0, 0, 0, 0, 0, 0, 0, 0, 0, 0, 0, 0, 0, 4.656156348160789, 4.656156348160789, 4.656156348160789, 4.656156348160789, 4.656156348160789, 4.656156348160789, 4.656156348160789, 4.656156348160789, 4.656156348160789, 4.656156348160789, 4.656156348160789, 4.656156348160789, 4.656156348160789, 4.656156348160789, 4.656156348160789, 4.656156348160789, 4.656156348160789, 4.656156348160789, 4.656156348160789, 4.656156348160789, 4.656156348160789, 4.656156348160789, 4.656156348160789, 4.656156348160789, 4.656156348160789, 4.656156348160789, 4.656156348160789, 4.656156348160789, 4.656156348160789, 4.656156348160789, 4.656156348160789, 4.656156348160789, 4.656156348160789, 4.656156348160789, 4.656156348160789, 4.656156348160789, 4.656156348160789, 4.656156348160789, 4.656156348160789, 4.656156348160789, 4.656156348160789, 4.656156348160789, 4.656156348160789, 4.656156348160789, 4.656156348160789, 4.656156348160789, 4.656156348160789, 4.656156348160789, 4.656156348160789, 4.656156348160789, 4.656156348160789, 4.656156348160789, 4.656156348160789, 4.656156348160789, 4.656156348160789, 4.656156348160789, 4.656156348160789]}