{
    "link=1000000000.0,node=1000000000.0": {
        "hier_favg": [
            0.41031599199999963
        ],
        "complete-1": [
            0.3564000000000007
        ],
        "ring-based_allreduce": [
            2.5587491709999988
        ],
        "neighbour-1-hops=1": [
            0.19374059999999993
        ],
        "neighbour-30-hops=1": [
            2.570623547000002
        ],
        "ring-1": [
            0.33153099200000113
        ],
        "ring-30": [
            1.8678999999999988
        ],
        "2d_torus-1": [
            0.3564000000000007
        ],
        "2d_torus-30": [
            3.068789136000003
        ]
    }
}