{"intra": [0, 0, 0, 0, 0, 0, 0, 0, 0, 0, 0, 0, 0, 0, 0, 0, 0, 0, 0, 3.8840482942861163, 3.8840482942861163, 3.8840482942861163, 3.8840482942861163, 3.8840482942861163, 3.8840482942861163, 3.8840482942861163, 3.8840482942861163, 3.8840482942861163, 3.8840482942861163, 3.8840482942861163, 3.8840482942861163, 3.8840482942861163, 3.8840482942861163, 3.8840482942861163, 3.8840482942861163, 3.8840482942861163, 3.8840482942861163, 3.8840482942861163, 3.8840482942861163, 7.810615480970331, 7.810615480970331, 7.810615480970331, 7.810615480970331, 7.810615480970331, 7.810615480970331, 7.810615480970331, 7.810615480970331, 7.810615480970331, 7.810615480970331, 7.810615480970331, 7.810615480970331, 7.810615480970331, 7.810615480970331, 7.810615480970331, 7.810615480970331, 7.810615480970331, 7.810615480970331, 7.810615480970331, 7.810615480970331, 12.017355357128471, 12.017355357128471, 12.017355357128471, 12.017355357128471, 12.017355357128471, 12.017355357128471, 12.017355357128471, 12.017355357128471, 12.017355357128471, 12.017355357128471, 12.017355357128471, 12.017355357128471, 12.017355357128471, 12.017355357128471, 12.017355357128471, 12.017355357128471, 12.017355357128471, 12.017355357128471, 12.017355357128471, 12.017355357128471, 15.344906254188816, 15.344906254188816, 15.344906254188816, 15.344906254188816, 15.344906254188816, 15.344906254188816, 15.344906254188816, 15.344906254188816, 15.344906254188816, 15.344906254188816, 15.344906254188816, 15.344906254188816, 15.344906254188816, 15.344906254188816, 15.344906254188816, 15.344906254188816, 15.344906254188816, 15.344906254188816, 15.344906254188816, 15.344906254188816, 19.8155177881982, 19.8155177881982, 19.8155177881982, 19.8155177881982, 19.8155177881982, 19.8155177881982, 19.8155177881982, 19.8155177881982, 19.8155177881982, 19.8155177881982, 19.8155177881982, 19.8155177881982, 19.8155177881982, 19.8155177881982, 19.8155177881982, 19.8155177881982, 19.8155177881982, 19.8155177881982, 19.8155177881982, 19.8155177881982, 24.066742233219042, 24.066742233219042], "inter": [0, 0, 0, 0, 0, 0, 0, 0, 0, 0, 0, 0, 0, 0, 0, 0, 0, 0, 0, 3.8840482942861163, 3.8840482942861163, 3.8840482942861163, 3.8840482942861163, 3.8840482942861163, 3.8840482942861163, 3.8840482942861163, 3.8840482942861163, 3.8840482942861163, 3.8840482942861163, 3.8840482942861163, 3.8840482942861163, 3.8840482942861163, 3.8840482942861163, 3.8840482942861163, 3.8840482942861163, 3.8840482942861163, 3.8840482942861163, 3.8840482942861163, 3.8840482942861163, 7.810615480970331, 7.810615480970331, 7.810615480970331, 7.810615480970331, 7.810615480970331, 7.810615480970331, 7.810615480970331, 7.810615480970331, 7.810615480970331, 7.810615480970331, 7.810615480970331, 7.810615480970331, 7.810615480970331, 7.810615480970331, 7.810615480970331, 7.810615480970331, 7.810615480970331, 7.810615480970331, 7.810615480970331, 7.810615480970331, 12.017355357128471, 12.017355357128471, 12.017355357128471, 12.017355357128471, 12.017355357128471, 12.017355357128471, 12.017355357128471, 12.017355357128471, 12.017355357128471, 12.017355357128471, 12.017355357128471, 12.017355357128471, 12.017355357128471, 12.017355357128471, 12.017355357128471, 12.017355357128471, 12.017355357128471, 12.017355357128471, 12.017355357128471, 12.017355357128471, 15.344906254188816, 15.344906254188816, 15.344906254188816, 15.344906254188816, 15.344906254188816, 15.344906254188816, 15.344906254188816, 15.344906254188816, 15.344906254188816, 15.344906254188816, 15.344906254188816, 15.344906254188816, 15.344906254188816, 15.344906254188816, 15.344906254188816, 15.344906254188816, 15.344906254188816, 15.344906254188816, 15.344906254188816, 15.344906254188816, 19.8155177881982, 19.8155177881982, 19.8155177881982, 19.8155177881982, 19.8155177881982, 19.8155177881982, 19.8155177881982, 19.8155177881982, 19.8155177881982, 19.8155177881982, 19.8155177881982, 19.8155177881982, 19.8155177881982, 19.8155177881982, 19.8155177881982, 19.8155177881982, 19.8155177881982, 19.8155177881982, 19.8155177881982, 19.8155177881982, 24.066742233219042, 24.066742233219042]}