{"intra": [0, 0, 4.098586349811771, 4.098586349811771, 4.098586349811771, 8.415186459994011, 8.415186459994011, 8.415186459994011, 13.282592553310408, 13.282592553310408, 13.282592553310408, 17.54966633874357, 17.54966633874357, 17.54966633874357, 20.30754820144963, 20.30754820144963, 20.30754820144963, 27.789434852449844, 27.789434852449844, 27.789434852449844, 31.581132902897476, 31.581132902897476, 31.581132902897476, 35.870915594195665, 35.870915594195665, 35.870915594195665, 40.91572132926393, 40.91572132926393, 40.91572132926393, 46.08074741206119, 46.08074741206119, 46.08074741206119, 50.979094314423456, 50.979094314423456, 50.979094314423456, 55.11838358941585, 55.11838358941585, 55.11838358941585, 59.71152047085283, 59.71152047085283, 59.71152047085283, 63.55597096398233, 63.55597096398233, 63.55597096398233, 67.55623658709042, 67.55623658709042, 67.55623658709042, 69.65123231134017, 69.65123231134017, 69.65123231134017, 73.67695113552365, 73.67695113552365, 73.67695113552365, 80.28056074359118, 80.28056074359118, 80.28056074359118, 84.21731907351197, 84.21731907351197, 84.21731907351197, 87.94978306806595, 87.94978306806595, 87.94978306806595, 91.16274474422701, 91.16274474422701, 91.16274474422701, 94.8790463921708, 94.8790463921708, 94.8790463921708, 98.87852863987796, 98.87852863987796, 98.87852863987796, 102.99007907276749, 102.99007907276749, 102.99007907276749, 107.97931592185564, 107.97931592185564, 107.97931592185564, 111.05183452886827, 111.05183452886827, 111.05183452886827, 116.27916406983418, 116.27916406983418, 116.27916406983418, 120.4125289246792, 120.4125289246792, 120.4125289246792, 124.17199662509601, 124.17199662509601, 124.17199662509601, 128.68576036946567, 128.68576036946567, 128.68576036946567, 133.6760640593344], "inter": [0, 0, 4.098586349811771, 4.098586349811771, 4.098586349811771, 8.415186459994011, 8.415186459994011, 8.415186459994011, 13.282592553310408, 13.282592553310408, 13.282592553310408, 17.54966633874357, 17.54966633874357, 17.54966633874357, 20.30754820144963, 20.30754820144963, 20.30754820144963, 27.789434852449844, 27.789434852449844, 27.789434852449844, 31.581132902897476, 31.581132902897476, 31.581132902897476, 35.870915594195665, 35.870915594195665, 35.870915594195665, 40.91572132926393, 40.91572132926393, 40.91572132926393, 46.08074741206119, 46.08074741206119, 46.08074741206119, 50.979094314423456, 50.979094314423456, 50.979094314423456, 55.11838358941585, 55.11838358941585, 55.11838358941585, 59.71152047085283, 59.71152047085283, 59.71152047085283, 63.55597096398233, 63.55597096398233, 63.55597096398233, 67.55623658709042, 67.55623658709042, 67.55623658709042, 69.65123231134017, 69.65123231134017, 69.65123231134017, 73.67695113552365, 73.67695113552365, 73.67695113552365, 80.28056074359118, 80.28056074359118, 80.28056074359118, 84.21731907351197, 84.21731907351197, 84.21731907351197, 87.94978306806595, 87.94978306806595, 87.94978306806595, 91.16274474422701, 91.16274474422701, 91.16274474422701, 94.8790463921708, 94.8790463921708, 94.8790463921708, 98.87852863987796, 98.87852863987796, 98.87852863987796, 102.99007907276749, 102.99007907276749, 102.99007907276749, 107.97931592185564, 107.97931592185564, 107.97931592185564, 111.05183452886827, 111.05183452886827, 111.05183452886827, 116.27916406983418, 116.27916406983418, 116.27916406983418, 120.4125289246792, 120.4125289246792, 120.4125289246792, 124.17199662509601, 124.17199662509601, 124.17199662509601, 128.68576036946567, 128.68576036946567, 128.68576036946567, 133.6760640593344]}