{"intra": [0, 0, 0, 0, 0, 0, 0, 0, 0, 0, 0, 0, 0, 0, 0, 0, 0, 0, 0, 0, 0, 0, 0, 0, 0, 0, 0, 0, 0, 5.117305617242299, 5.117305617242299, 5.117305617242299, 5.117305617242299, 5.117305617242299, 5.117305617242299, 5.117305617242299, 5.117305617242299, 5.117305617242299, 5.117305617242299, 5.117305617242299, 5.117305617242299, 5.117305617242299, 5.117305617242299, 5.117305617242299, 5.117305617242299, 5.117305617242299, 5.117305617242299, 5.117305617242299, 5.117305617242299, 5.117305617242299, 5.117305617242299, 5.117305617242299, 5.117305617242299, 5.117305617242299, 5.117305617242299, 5.117305617242299, 5.117305617242299, 5.117305617242299, 5.117305617242299, 9.076156595533433, 9.076156595533433, 9.076156595533433, 9.076156595533433, 9.076156595533433, 9.076156595533433, 9.076156595533433, 9.076156595533433, 9.076156595533433, 9.076156595533433, 9.076156595533433, 9.076156595533433, 9.076156595533433, 9.076156595533433, 9.076156595533433, 9.076156595533433, 9.076156595533433, 9.076156595533433, 9.076156595533433, 9.076156595533433, 9.076156595533433, 9.076156595533433, 9.076156595533433, 9.076156595533433, 9.076156595533433, 9.076156595533433, 9.076156595533433, 9.076156595533433, 9.076156595533433, 9.076156595533433, 12.41432700744648, 12.41432700744648, 12.41432700744648, 12.41432700744648, 12.41432700744648, 12.41432700744648, 12.41432700744648, 12.41432700744648, 12.41432700744648, 12.41432700744648, 12.41432700744648, 12.41432700744648, 12.41432700744648, 12.41432700744648, 12.41432700744648, 12.41432700744648, 12.41432700744648, 12.41432700744648, 12.41432700744648, 12.41432700744648, 12.41432700744648, 12.41432700744648, 12.41432700744648, 12.41432700744648, 12.41432700744648, 12.41432700744648, 12.41432700744648, 12.41432700744648, 12.41432700744648, 12.41432700744648, 18.244234395160753, 18.244234395160753, 18.244234395160753], "inter": [0, 0, 0, 0, 0, 0, 0, 0, 0, 0, 0, 0, 0, 0, 0, 0, 0, 0, 0, 0, 0, 0, 0, 0, 0, 0, 0, 0, 0, 5.117305617242299, 5.117305617242299, 5.117305617242299, 5.117305617242299, 5.117305617242299, 5.117305617242299, 5.117305617242299, 5.117305617242299, 5.117305617242299, 5.117305617242299, 5.117305617242299, 5.117305617242299, 5.117305617242299, 5.117305617242299, 5.117305617242299, 5.117305617242299, 5.117305617242299, 5.117305617242299, 5.117305617242299, 5.117305617242299, 5.117305617242299, 5.117305617242299, 5.117305617242299, 5.117305617242299, 5.117305617242299, 5.117305617242299, 5.117305617242299, 5.117305617242299, 5.117305617242299, 5.117305617242299, 9.076156595533433, 9.076156595533433, 9.076156595533433, 9.076156595533433, 9.076156595533433, 9.076156595533433, 9.076156595533433, 9.076156595533433, 9.076156595533433, 9.076156595533433, 9.076156595533433, 9.076156595533433, 9.076156595533433, 9.076156595533433, 9.076156595533433, 9.076156595533433, 9.076156595533433, 9.076156595533433, 9.076156595533433, 9.076156595533433, 9.076156595533433, 9.076156595533433, 9.076156595533433, 9.076156595533433, 9.076156595533433, 9.076156595533433, 9.076156595533433, 9.076156595533433, 9.076156595533433, 9.076156595533433, 12.41432700744648, 12.41432700744648, 12.41432700744648, 12.41432700744648, 12.41432700744648, 12.41432700744648, 12.41432700744648, 12.41432700744648, 12.41432700744648, 12.41432700744648, 12.41432700744648, 12.41432700744648, 12.41432700744648, 12.41432700744648, 12.41432700744648, 12.41432700744648, 12.41432700744648, 12.41432700744648, 12.41432700744648, 12.41432700744648, 12.41432700744648, 12.41432700744648, 12.41432700744648, 12.41432700744648, 12.41432700744648, 12.41432700744648, 12.41432700744648, 12.41432700744648, 12.41432700744648, 12.41432700744648, 18.244234395160753, 18.244234395160753, 18.244234395160753]}