{
    "train_loss": [
        1.9371866252024972,
        1.8291045909126598,
        1.7883055149515468,
        1.762670829196771,
        1.7431768499811489,
        1.7254098677635192,
        1.6988750803470611,
        1.6638113690416017,
        1.648114302158356,
        1.639794042507807,
        1.6337747241059941,
        1.6283678649862605,
        1.6244398439923924,
        1.6213444259762764,
        1.617926316757997,
        1.6155449971556661,
        1.6131696314613027,
        1.611159203350544,
        1.6094814864794413,
        1.607504639526208,
        1.6056521207094192,
        1.6045269417762755,
        1.6032674441734946,
        1.6014084271589915,
        1.600772455533346,
        1.5993707005182904,
        1.5983203076322872,
        1.5977920299768449,
        1.5965614003936448,
        1.5956272906064988,
        1.594943725168705,
        1.5937369013826055,
        1.5930004650354386,
        1.5927212469776473,
        1.591956531902154,
        1.5915772213538488,
        1.5904637651642162,
        1.5901188794771832,
        1.5893744845191637,
        1.589259915749232,
        1.588621442615986,
        1.5881256528695424,
        1.5870790798465413,
        1.5868047498663267,
        1.58680947860082,
        1.5857834456364313,
        1.585420403877894,
        1.5851166858275731,
        1.5847194703420004,
        1.5842860159277916,
        1.5979688884814578,
        1.5977924287319183,
        1.5976067095001536,
        1.596864767074585,
        1.596649449567,
        1.5964652819434801,
        1.5955443046490354,
        1.5958650354544321,
        1.5955176098148027,
        1.595289860367775,
        1.5949224190910656,
        1.594549026489258
    ],
    "test_loss": [
        2.3174572616815565,
        2.2652756929397584,
        2.2044660627841948,
        2.1488611355423926,
        2.103200741112232,
        2.067753091454506,
        2.0400070950388907,
        2.0168976336717606,
        1.993280440568924,
        1.9712794572114944,
        1.952565024793148,
        1.9362212374806405,
        1.9220173045992852,
        1.9094924941658973,
        1.8985082149505614,
        1.888796666264534,
        1.8800367549061776,
        1.872037199139595,
        1.8646950125694275,
        1.8581322893500327,
        1.8518138229846954,
        1.8465401977300644,
        1.8410453453660012,
        1.8361309587955474,
        1.8317357078194618,
        1.8276027664542198,
        1.8236690700054168,
        1.8200045272707939,
        1.8163417488336564,
        1.8132255718111991,
        1.8100374951958655,
        1.8070035055279732,
        1.8042564183473586,
        1.801607571542263,
        1.7990010365843774,
        1.7966958373785018,
        1.7941543146967889,
        1.7921039909124374,
        1.789936338365078,
        1.7878738343715668,
        1.7858811914920807,
        1.7840292498469352,
        1.7821666240692138,
        1.7806276947259903,
        1.7789750158786775,
        1.7773046657443046,
        1.775730462372303,
        1.7739555403590201,
        1.7726033180952072,
        1.7711617708206178,
        1.7696462914347648,
        1.7684912770986556,
        1.767396092414856,
        1.766326293349266,
        1.7654768720269203,
        1.764350862801075,
        1.7633579462766646,
        1.7624554991722108,
        1.7614469572901725,
        1.760537649691105,
        1.7595365166664123,
        1.7587361186742783
    ],
    "test_acc": [
        0.0941,
        0.25670000000000004,
        0.4689,
        0.5259,
        0.5517,
        0.5742999999999999,
        0.5938,
        0.6072,
        0.6298,
        0.6742,
        0.6969999999999998,
        0.7061999999999999,
        0.7112,
        0.7187,
        0.7244000000000002,
        0.7293000000000001,
        0.7321000000000001,
        0.7355000000000002,
        0.7399,
        0.7424000000000001,
        0.7444,
        0.7468,
        0.7513,
        0.7537999999999999,
        0.7545000000000001,
        0.7558,
        0.7574000000000001,
        0.7582,
        0.7609,
        0.7609999999999999,
        0.763,
        0.7646999999999999,
        0.7664,
        0.7683,
        0.7687999999999999,
        0.7694,
        0.77,
        0.7706999999999999,
        0.7711,
        0.7727999999999998,
        0.7731,
        0.7741,
        0.7753999999999999,
        0.7757000000000001,
        0.7759999999999999,
        0.7772,
        0.7776000000000001,
        0.7783,
        0.7791,
        0.7799,
        0.7803999999999999,
        0.7811,
        0.7811,
        0.7814,
        0.7815000000000001,
        0.7822,
        0.7827999999999998,
        0.7829999999999999,
        0.7844,
        0.7842999999999999,
        0.7848,
        0.7853
    ]
}