{"intra": [4.315644968658945, 8.695606269821091, 12.794192619632861, 16.65943088857059, 21.018709391667507, 25.335309501849714, 29.637420765149095, 33.734870678858776, 38.602276772175145, 43.20992786901103, 47.3677614526822, 51.634835238115336, 57.042043884272665, 61.97626301969214, 64.73414488239824, 67.43983626609243, 71.78029896094947, 79.26218561194982, 84.1605325143122, 88.0445808085984, 90.48430555015652, 93.50052704850143, 96.28702344843407, 99.05994163618071, 102.09976836031525, 106.0940462238982, 109.42165515019272, 113.25204171858745, 117.00274258570404, 122.10980712150169, 126.24547731908378, 129.8680510166122, 134.31251733505437, 139.68104958848576, 144.27167940277278, 149.37398024888122, 154.208938332674, 158.82655024612484, 165.6100930739225, 169.92278298529024, 172.8380108246956, 175.91453088713158, 179.31740365882, 182.35673745560993, 185.4870297018655, 191.292219330596, 194.54335399053465, 198.1417816540394, 202.40616127733497, 205.60788831964229, 209.69048006418052, 214.6421337557006, 220.09828443709995, 223.06348598845713, 227.8771981161607, 230.59872606326812, 234.04362972540824, 238.28883950711705, 242.09441916491747, 246.2170631200851, 250.42978618996568, 253.72950192639487, 259.8734074195612], "inter": [4.315644968658945, 8.695606269821091, 12.794192619632861, 16.65943088857059, 21.018709391667507, 25.335309501849714, 29.637420765149095, 33.734870678858776, 38.602276772175145, 43.20992786901103, 47.3677614526822, 51.634835238115336, 57.042043884272665, 61.97626301969214, 64.73414488239824, 67.43983626609243, 71.78029896094947, 79.26218561194982, 84.1605325143122, 88.0445808085984, 90.48430555015652, 93.50052704850143, 96.28702344843407, 99.05994163618071, 102.09976836031525, 106.0940462238982, 109.42165515019272, 113.25204171858745, 117.00274258570404, 122.10980712150169, 126.24547731908378, 129.8680510166122, 134.31251733505437, 139.68104958848576, 144.27167940277278, 149.37398024888122, 154.208938332674, 158.82655024612484, 165.6100930739225, 169.92278298529024, 172.8380108246956, 175.91453088713158, 179.31740365882, 182.35673745560993, 185.4870297018655, 191.292219330596, 194.54335399053465, 198.1417816540394, 202.40616127733497, 205.60788831964229, 209.69048006418052, 214.6421337557006, 220.09828443709995, 223.06348598845713, 227.8771981161607, 230.59872606326812, 234.04362972540824, 238.28883950711705, 242.09441916491747, 246.2170631200851, 250.42978618996568, 253.72950192639487, 259.8734074195612]}