{
    "link=1000000000.0,node=1000000000.0": {
        "2d_torus-40": [
            3.333536175,
            3.414279519000001
        ],
        "ring-based_allreduce": [
            10.058749170999999,
            12.032689137999999
        ]
    }
}