{
    "link=10000000.0,node=10000000.0": {
        "hier_favg": [
            0.5468084000000002
        ],
        "complete-1": [
            0.4496142000000001
        ],
        "ring-based_allreduce": [
            0.7289574109999997
        ],
        "neighbour-1": [
            0.216144400000001
        ],
        "neighbour-25": [
            3.1020766220000002
        ],
        "ring-1": [
            0.35871939999999825
        ],
        "ring-25": [
            3.3350684239999993
        ],
        "2d_torus-1": [
            0.41183459999999883
        ],
        "2d_torus-25": [
            5.256475629000004
        ],
        "star-1": [
            0.30402759999999773
        ],
        "star-25": [
            6.822056621999998
        ],
        "random-1": [
            0.4358360000000019
        ],
        "random-25": [
            5.676348631000003
        ]
    },
    "link=100000000.0,node=100000000.0": {
        "hier_favg": [
            0.41438520000000006
        ],
        "complete-1": [
            0.3592337600000004
        ],
        "ring-based_allreduce": [
            0.6423529309999996
        ],
        "neighbour-1": [
            0.1955910000000003
        ],
        "neighbour-25": [
            1.3105181069999983
        ],
        "ring-1": [
            0.33360992000000067
        ],
        "ring-25": [
            2.1203489829999995
        ],
        "2d_torus-1": [
            0.3586388400000011
        ],
        "2d_torus-25": [
            2.389500953999999
        ],
        "star-1": [
            0.20720371999999898
        ],
        "star-25": [
            1.541320110000001
        ],
        "random-1": [
            0.3592337599999951
        ],
        "random-25": [
            2.4557297059999996
        ]
    }
}