{
    "link=1000000000.0,node=1000000000.0": {
        "ring-based_allreduce": [
            25.082805779,
            30.048680418000004,
            50.05222676299999,
            25.15716581099997,
            25.258573119000005,
            35.08713122800003,
            15.258573119000062,
            25.08713122800009,
            35.03020098500008,
            25.226198244999978
        ],
        "2d_torus-1": [
            1.5161822879999995,
            1.518131048000015,
            1.4214904960000183,
            1.5168999999999642,
            1.421089879999954,
            1.516227312000069,
            1.5181310479999865,
            1.516173808000076,
            1.5161822879999818,
            1.5181310479999865
        ],
        "2d_torus-2": [
            3.7401175370000033,
            2.992199999999997,
            3.0492937300000165,
            3.005999999999972,
            2.9643626179999956,
            3.089774331000058,
            2.987700000000018,
            3.089873459000046,
            3.739335489000041,
            2.9876999999999043
        ],
        "ring-1": [
            1.4082790799999998,
            1.4082790799999998,
            1.2952999999999975,
            1.4082790799999998,
            1.408299999999997,
            0.5966112319999866,
            1.4082790800000566,
            0.5966112319999866,
            1.408279079999943,
            1.408279079999943
        ],
        "ring-2": [
            1.7337526580000002,
            1.734758193999994,
            1.5885999999999854,
            1.7337692589999847,
            1.7192999999999756,
            0.8058000000000902,
            1.734758194000051,
            0.8058000000000902,
            1.7337526579999576,
            1.7347581939999372
        ],
        "star-1": [
            0.8870000000000005,
            0.8889000000000067,
            0.8859999999999673,
            0.8992999999999824,
            0.8872757839999963,
            1.6118000000000166,
            0.8876999999999953,
            1.6118000000000166,
            0.8865999999999303,
            0.88900000000001
        ],
        "star-2": [
            2.4965909370000006,
            2.436326569000016,
            2.53218112899998,
            2.5099517369999944,
            2.5466502649999825,
            2.565525401000059,
            2.4619994170000155,
            2.5651687770000535,
            2.491064600999948,
            2.4469406009999375
        ],
        "random-1": [
            1.5253999999999976,
            1.5263999999999953,
            1.2176999999999794,
            1.5247999999999706,
            1.4142999999999688,
            1.530399999999986,
            1.526200000000017,
            1.530300000000011,
            1.5253999999999905,
            1.526299999999992
        ],
        "random-2": [
            3.090600000000009,
            2.988400000000013,
            2.7115801459999602,
            3.0892000000000053,
            2.780726033999997,
            3.1591660980000142,
            2.988299999999981,
            3.159208530000001,
            3.090599999999995,
            2.988499999999931
        ],
        "complete-1": [
            1.527300000000011,
            1.5264999999999986,
            1.4270999999999958,
            1.5258000000000038,
            1.4300999999999817,
            1.5288000000000466,
            1.5266000000000304,
            1.789700000000039,
            1.5276999999999816,
            1.526299999999992
        ],
        "hier_favg": [
            11.11511534600001,
            10.75802934600003,
            11.164401345999977,
            10.465935337999952,
            16.32089539399999,
            16.20417839400011,
            10.758029346000058,
            11.590733394000154,
            11.045869297999957,
            11.098728393999977
        ]
    }
}