{
    "link=1000000000.0,node=1000000000.0": {
        "2d_torus-1": [
            0.3564,
            0.35633138400000064,
            0.3333127040000079,
            0.3564000000000078,
            0.3333127039999795,
            0.35633138399998643,
            0.35633138399998643,
            0.35633138399998643,
            0.3564000000000078,
            0.35633138399998643
        ],
        "2d_torus-30": [
            2.5205,
            2.523030579999997,
            2.3621050049999894,
            2.520500000000027,
            2.3621038680000197,
            2.523030579999954,
            2.523030579999954,
            2.523030579999954,
            2.52049999999997,
            2.523030579999954
        ],
        "ring-1": [
            0.33153099199999936,
            0.3315309919999976,
            0.3043999999999869,
            0.3315309920000118,
            0.33159999999998035,
            0.13800000000003365,
            0.3315309920000118,
            0.13800000000003365,
            0.3315309920000118,
            0.3315309920000118
        ],
        "ring-30": [
            2.3351599800000002,
            2.3351599800000002,
            2.1425999999999874,
            2.3351599800000145,
            2.331799999999987,
            0.9772000000000389,
            2.3351599799999576,
            0.9772000000000389,
            2.3351599799999576,
            2.3351599799999576
        ],
        "star-1": [
            0.20520000000000138,
            0.20520000000000493,
            0.20519999999999072,
            0.20519999999999072,
            0.20519999999999072,
            0.18700000000001182,
            0.20519999999999072,
            0.18700000000001182,
            0.20519999999999072,
            0.20519999999999072
        ],
        "star-30": [
            1.4655999999999985,
            1.465599999999995,
            1.465599999999995,
            1.465599999999995,
            1.465599999999995,
            1.3381648729999824,
            1.465599999999995,
            1.3381648729999824,
            1.4660000000000082,
            1.465599999999995
        ],
        "random-1": [
            0.3564000000000007,
            0.3563999999999936,
            0.28489999999999327,
            0.3564000000000078,
            0.33159999999998035,
            0.3564000000000078,
            0.3564000000000078,
            0.3564000000000078,
            0.3564000000000078,
            0.3564000000000078
        ],
        "random-30": [
            2.538800000000002,
            2.5415999999999883,
            2.0313999999999908,
            2.5387999999999806,
            2.3611999999999966,
            2.5416000000000167,
            2.5416000000000167,
            2.5416000000000167,
            2.5388000000000375,
            2.5416000000000167
        ],
        "complete-1": [
            0.3564000000000007,
            0.3564000000000078,
            0.3334000000000117,
            0.3564000000000078,
            0.33339999999998327,
            0.3564000000000078,
            0.3564000000000078,
            0.3564000000000078,
            0.3564000000000078,
            0.3564000000000078
        ],
        "hier_favg": [
            10.171235474,
            10.114853474,
            10.179017474000005,
            10.06700601,
            15.203731938000033,
            15.18530293799995,
            10.114853473999915,
            10.246337937999897,
            10.160297009999908,
            10.168652937999923
        ],
        "ring-based_allreduce": [
            25.058749171000002,
            30.032689137999995,
            50.028170155,
            25.133109203000004,
            25.202279775000022,
            35.05501548400002,
            15.202279774999965,
            25.055015484000023,
            35.02227093700003,
            25.186016676999998
        ]
    }
}