{
    "train_loss": [
        1.9674514412879944,
        1.8510931447148322,
        1.8065277898311616,
        1.776338921089967,
        1.7543132734298705,
        1.7320562246441842,
        1.7043040383855501,
        1.676303428610166,
        1.663957916796207,
        1.6556667244434358,
        1.6501889682809514,
        1.6446605693300567,
        1.6408513456583023,
        1.6369229724009833,
        1.6342164526383085,
        1.6310229980945585,
        1.6285531029105187,
        1.6262730725606283,
        1.6249428095420202,
        1.6220915986100835,
        1.6212911435961725,
        1.6194072183966637,
        1.6180150856574378,
        1.616203270057837,
        1.615776319503784,
        1.6141652595003444,
        1.613028978010019,
        1.611988303462664,
        1.611339189708233,
        1.6099479738871256,
        1.6090544846653938,
        1.6078516286611557,
        1.6073718127608299,
        1.6065869509180386,
        1.6061094429095584,
        1.6053230042258897,
        1.6046364509065945,
        1.6039381662011147,
        1.6034351468086243,
        1.6026963840921717,
        1.601830944120884,
        1.6019988323251406,
        1.6011888712644577,
        1.599919079442819,
        1.5992248665293056,
        1.5990769109129905,
        1.598612511853377,
        1.598670727610588,
        1.5985221765438715,
        1.5977588815490404,
        1.611189367671808,
        1.6104667860269546,
        1.6105342514316243,
        1.6098032226165133,
        1.6096828221281374,
        1.608943143486976,
        1.6091649038592974,
        1.6087792585293454,
        1.6085191095868745,
        1.608092123568058,
        1.607862530549367,
        1.6076466309030848,
        1.6072708239157993,
        1.6071591862042747,
        1.606568549076716,
        1.6066142317652703,
        1.6059345320860543,
        1.605965489049753,
        1.60545624991258,
        1.6057165608803432,
        1.6055364482601482,
        1.6047837358713153,
        1.6044104122122127,
        1.6038974134127302,
        1.6038862393299738,
        1.6036810677250224,
        1.6035323761900266,
        1.603785046041012,
        1.6032311580578484,
        1.60271873096625,
        1.602476959725221,
        1.6021283020575838
    ],
    "test_loss": [
        2.3174572616815565,
        2.2618579894304274,
        2.1971876829862595,
        2.139910328388214,
        2.0941404417157172,
        2.060433362424374,
        2.0325769275426864,
        2.0092983901500703,
        1.9851714119315147,
        1.9642908304929734,
        1.944728022813797,
        1.9296220347285271,
        1.9149026691913604,
        1.903561717271805,
        1.891491074860096,
        1.8823034912347794,
        1.872820469737053,
        1.8654673561453818,
        1.857382845878601,
        1.8515996053814887,
        1.8448795914649962,
        1.8398823514580727,
        1.8339679017663002,
        1.8298294708132743,
        1.82465453594923,
        1.8210179805755615,
        1.8163888886570931,
        1.8133848831057549,
        1.8091513574123383,
        1.8067692920565606,
        1.8031327620148658,
        1.8007283180952072,
        1.7970396161079407,
        1.7948188975453376,
        1.7916352137923242,
        1.7898453578352929,
        1.7869773387908936,
        1.785321046411991,
        1.7826923161745072,
        1.7813002720475197,
        1.7785220444202423,
        1.777572962641716,
        1.7748204991221428,
        1.7736709728837012,
        1.7714967668056487,
        1.770481252670288,
        1.7681954741477965,
        1.7671635046601295,
        1.7650490701198578,
        1.7642165407538415,
        1.7620484367012978,
        1.7614599376916886,
        1.75974710136652,
        1.7590628176927567,
        1.7577731490135193,
        1.7571543857455254,
        1.7557587042450904,
        1.7551691934466362,
        1.7538710132241249,
        1.753412064909935,
        1.7520582213997842,
        1.7514961570501328,
        1.7503801524639129,
        1.7500535875558854,
        1.7488140061497688,
        1.7484196051955223,
        1.7471657440066337,
        1.7467561706900596,
        1.7456383123993873,
        1.7453302174806595,
        1.7440374791622162,
        1.743921260535717,
        1.7430041059851646,
        1.7424097076058387,
        1.7413961425423623,
        1.741108414530754,
        1.740038813650608,
        1.7398488491773605,
        1.7387974545359612,
        1.7387352570891381,
        1.737551786005497,
        1.7373933777213098
    ],
    "test_acc": [
        0.0941,
        0.271,
        0.47159999999999996,
        0.5261,
        0.5629,
        0.5832999999999999,
        0.6024,
        0.6145,
        0.6435,
        0.6745,
        0.6975,
        0.7071000000000001,
        0.7197999999999999,
        0.7228,
        0.7312000000000001,
        0.7321,
        0.7404999999999999,
        0.7418,
        0.7479,
        0.7492,
        0.753,
        0.7526,
        0.7567,
        0.7575,
        0.7608,
        0.7608,
        0.7637999999999999,
        0.7639,
        0.7678,
        0.7664,
        0.7694999999999999,
        0.769,
        0.7720999999999999,
        0.7723,
        0.7752,
        0.7752000000000001,
        0.7771000000000001,
        0.7778,
        0.7781999999999999,
        0.7787999999999999,
        0.7809,
        0.7806000000000001,
        0.7829,
        0.7813000000000001,
        0.7847,
        0.784,
        0.7852999999999999,
        0.7851,
        0.7865000000000001,
        0.7867999999999999,
        0.7877,
        0.787,
        0.7883999999999999,
        0.7883999999999999,
        0.7885,
        0.7893000000000001,
        0.7897,
        0.7897,
        0.7901,
        0.7902,
        0.791,
        0.7911,
        0.7921,
        0.7913,
        0.7927000000000001,
        0.7924,
        0.7937000000000001,
        0.7929999999999999,
        0.7938,
        0.794,
        0.7953,
        0.7943000000000001,
        0.7947,
        0.7959,
        0.7965000000000001,
        0.7962,
        0.797,
        0.7958000000000002,
        0.7975,
        0.7966,
        0.7979999999999999,
        0.7975
    ]
}