{"intra": [0, 4.379961301162146, 4.379961301162146, 8.245199570099874, 8.245199570099874, 12.561799680282114, 12.561799680282114, 16.65924959399183, 16.65924959399183, 21.26690069082772, 21.26690069082772, 25.533974476260855, 25.533974476260855, 30.468193611680327, 30.468193611680327, 33.17388499537437, 33.17388499537437, 40.655771646374596, 40.655771646374596, 44.53981994066068, 44.53981994066068, 48.857507488998884, 48.857507488998884, 53.09638167814026, 53.09638167814026, 56.90955755897397, 56.90955755897397, 60.25138927578567, 60.25138927578567, 65.14973617814796, 65.14973617814796, 69.23413986995693, 69.23413986995693, 74.96431439695166, 74.96431439695166, 78.53684353906765, 78.53684353906765, 82.47312061935735, 82.47312061935735, 85.71087452248814, 85.71087452248814, 89.35333719382423, 89.35333719382423, 92.2906238299354, 92.2906238299354, 96.13709788465414, 96.13709788465414, 99.29363117554966, 99.29363117554966, 102.93824227043282, 102.93824227043282, 107.35214738904283, 107.35214738904283, 111.71313454218223, 111.71313454218223, 116.86674304131392, 116.86674304131392, 120.07340613304842, 120.07340613304842, 124.03807901509799, 124.03807901509799, 127.78799307534344, 127.78799307534344, 132.2111839831661, 132.2111839831661, 137.4067320862502, 137.4067320862502, 141.64649521293595, 141.64649521293595, 146.4221198706584, 146.4221198706584, 151.0311998056484, 151.0311998056484, 154.78321696832072, 154.78321696832072, 158.4740693227321, 158.4740693227321, 162.91031585923838, 162.91031585923838, 166.67264823089513, 166.67264823089513, 174.22499667674674, 174.22499667674674], "inter": [0, 4.379961301162146, 4.379961301162146, 8.245199570099874, 8.245199570099874, 12.561799680282114, 12.561799680282114, 16.65924959399183, 16.65924959399183, 21.26690069082772, 21.26690069082772, 25.533974476260855, 25.533974476260855, 30.468193611680327, 30.468193611680327, 33.17388499537437, 33.17388499537437, 40.655771646374596, 40.655771646374596, 44.53981994066068, 44.53981994066068, 48.857507488998884, 48.857507488998884, 53.09638167814026, 53.09638167814026, 56.90955755897397, 56.90955755897397, 60.25138927578567, 60.25138927578567, 65.14973617814796, 65.14973617814796, 69.23413986995693, 69.23413986995693, 74.96431439695166, 74.96431439695166, 78.53684353906765, 78.53684353906765, 82.47312061935735, 82.47312061935735, 85.71087452248814, 85.71087452248814, 89.35333719382423, 89.35333719382423, 92.2906238299354, 92.2906238299354, 96.13709788465414, 96.13709788465414, 99.29363117554966, 99.29363117554966, 102.93824227043282, 102.93824227043282, 107.35214738904283, 107.35214738904283, 111.71313454218223, 111.71313454218223, 116.86674304131392, 116.86674304131392, 120.07340613304842, 120.07340613304842, 124.03807901509799, 124.03807901509799, 127.78799307534344, 127.78799307534344, 132.2111839831661, 132.2111839831661, 137.4067320862502, 137.4067320862502, 141.64649521293595, 141.64649521293595, 146.4221198706584, 146.4221198706584, 151.0311998056484, 151.0311998056484, 154.78321696832072, 154.78321696832072, 158.4740693227321, 158.4740693227321, 162.91031585923838, 162.91031585923838, 166.67264823089513, 166.67264823089513, 174.22499667674674, 174.22499667674674]}