{
    "link=1000000000.0,node=1000000000.0": {
        "hier_favg": [
            3.24636197
        ],
        "complete-1": [
            1.0481000000000007
        ],
        "ring-based_allreduce": [
            6.526435121999999
        ],
        "neighbour-1-hops=1": [
            0.18700000000000117
        ],
        "neighbour-20": [
            2.608798452000002
        ],
        "ring-1": [
            0.13799999999999812
        ],
        "ring-20": [
            2.045256497999997
        ],
        "2d_torus-1": [
            0.7001999999999988
        ],
        "2d_torus-20": [
            7.6436999999999955
        ],
        "star-1": [
            0.5
        ],
        "star-20": [
            0.5018999999999991
        ],
        "random-1-probability=0.85": [
            0.6991982090000022
        ],
        "random-20": [
            7.5
        ]
    }
}