{"intra": [0, 0, 0, 0, 0, 0, 0, 0, 0, 0, 0, 0, 0, 0, 0, 0, 0, 0, 0, 0, 0, 0, 0, 0, 0, 0, 0, 0, 0, 0, 0, 0, 0, 0, 0, 0, 0, 0, 0, 0, 0, 0, 0, 0, 0, 0, 0, 0, 0, 5.117305617242299, 5.117305617242299, 5.117305617242299, 5.117305617242299, 5.117305617242299, 5.117305617242299, 5.117305617242299, 5.117305617242299, 5.117305617242299, 5.117305617242299, 5.117305617242299, 5.117305617242299, 5.117305617242299, 5.117305617242299, 5.117305617242299, 5.117305617242299, 5.117305617242299, 5.117305617242299, 5.117305617242299, 5.117305617242299, 5.117305617242299, 5.117305617242299, 5.117305617242299, 5.117305617242299, 5.117305617242299, 5.117305617242299, 5.117305617242299, 5.117305617242299, 5.117305617242299, 5.117305617242299, 5.117305617242299, 5.117305617242299, 5.117305617242299, 5.117305617242299, 5.117305617242299, 5.117305617242299, 5.117305617242299, 5.117305617242299, 5.117305617242299, 5.117305617242299, 5.117305617242299, 5.117305617242299, 5.117305617242299, 5.117305617242299, 5.117305617242299, 5.117305617242299, 5.117305617242299, 5.117305617242299, 5.117305617242299, 5.117305617242299, 9.299997698915664, 9.299997698915664, 9.299997698915664, 9.299997698915664, 9.299997698915664, 9.299997698915664, 9.299997698915664, 9.299997698915664, 9.299997698915664, 9.299997698915664, 9.299997698915664, 9.299997698915664, 9.299997698915664, 9.299997698915664, 9.299997698915664, 9.299997698915664, 9.299997698915664, 9.299997698915664, 9.299997698915664, 9.299997698915664, 9.299997698915664, 9.299997698915664, 9.299997698915664, 9.299997698915664, 9.299997698915664, 9.299997698915664], "inter": [0, 0, 0, 0, 0, 0, 0, 0, 0, 0, 0, 0, 0, 0, 0, 0, 0, 0, 0, 0, 0, 0, 0, 0, 0, 0, 0, 0, 0, 0, 0, 0, 0, 0, 0, 0, 0, 0, 0, 0, 0, 0, 0, 0, 0, 0, 0, 0, 0, 5.117305617242299, 5.117305617242299, 5.117305617242299, 5.117305617242299, 5.117305617242299, 5.117305617242299, 5.117305617242299, 5.117305617242299, 5.117305617242299, 5.117305617242299, 5.117305617242299, 5.117305617242299, 5.117305617242299, 5.117305617242299, 5.117305617242299, 5.117305617242299, 5.117305617242299, 5.117305617242299, 5.117305617242299, 5.117305617242299, 5.117305617242299, 5.117305617242299, 5.117305617242299, 5.117305617242299, 5.117305617242299, 5.117305617242299, 5.117305617242299, 5.117305617242299, 5.117305617242299, 5.117305617242299, 5.117305617242299, 5.117305617242299, 5.117305617242299, 5.117305617242299, 5.117305617242299, 5.117305617242299, 5.117305617242299, 5.117305617242299, 5.117305617242299, 5.117305617242299, 5.117305617242299, 5.117305617242299, 5.117305617242299, 5.117305617242299, 5.117305617242299, 5.117305617242299, 5.117305617242299, 5.117305617242299, 5.117305617242299, 5.117305617242299, 9.299997698915664, 9.299997698915664, 9.299997698915664, 9.299997698915664, 9.299997698915664, 9.299997698915664, 9.299997698915664, 9.299997698915664, 9.299997698915664, 9.299997698915664, 9.299997698915664, 9.299997698915664, 9.299997698915664, 9.299997698915664, 9.299997698915664, 9.299997698915664, 9.299997698915664, 9.299997698915664, 9.299997698915664, 9.299997698915664, 9.299997698915664, 9.299997698915664, 9.299997698915664, 9.299997698915664, 9.299997698915664, 9.299997698915664]}