{
    "train_loss": [
        1.8779165446758272,
        1.5786685145894688,
        1.7262487688660622,
        1.542368119955063,
        1.6625093013048169,
        1.5342496041456857,
        1.634314662218094,
        1.5298792493343354,
        1.6180257876714068,
        1.5269042820731797,
        1.6079273407657941,
        1.5245144126812615,
        1.6006063496073084,
        1.5229149721066155,
        1.5947670987248421,
        1.5212719189127284,
        1.5904527014493943,
        1.519983771046003,
        1.5868562793731689,
        1.5188848047455152,
        1.5839584394296011,
        1.5180406363805132,
        1.5808779509862265,
        1.5171058941880862,
        1.5788167201479275,
        1.5162973186373712,
        1.577099450826645,
        1.5156088953216869,
        1.5749983796477318,
        1.5150624295075736,
        1.5743188479542731,
        1.5145678534110387,
        1.5727469044923779,
        1.5139561070005099,
        1.571497451364994,
        1.513534580965837,
        1.5699634599685668,
        1.5130491374929744,
        1.5689249578118325,
        1.5126947631438572,
        1.5684538611769676,
        1.5122813700636228,
        1.5672280714909235,
        1.511948310136795,
        1.5667943121989567,
        1.511736943423748,
        1.5661143634716668,
        1.5113798379898071,
        1.5649091333150864,
        1.5110791625579199,
        1.580087412397067,
        1.5197500465313594,
        1.5800098602970445,
        1.519518004556497,
        1.5791802461942037,
        1.519328484435876,
        1.5786967769265174,
        1.5190347692370414,
        1.578235291639964,
        1.518832291762034,
        1.5776650863885882,
        1.518720350166162,
        1.5773362585902213,
        1.518627547621727,
        1.5766723636786142,
        1.5182757291197777,
        1.5756749930977825,
        1.5181722607215244,
        1.5758521217107773,
        1.5181012600660324,
        1.5756734040379525,
        1.5179614680012068,
        1.574547812640667,
        1.5176672015587487,
        1.5745327941576641,
        1.5176061473290126,
        1.574273673593998,
        1.5174869183699289,
        1.57327990680933,
        1.5173524989684422,
        1.5730882946650189,
        1.5172174734870592
    ],
    "test_loss": [
        2.3174572616815565,
        2.2688732728362084,
        2.2527761280536653,
        2.2368409037590027,
        2.184068486094475,
        2.2153787687420845,
        2.124143508076668,
        2.192360043525696,
        2.075420154631138,
        2.1705169826745987,
        2.036741930246353,
        2.1497464805841444,
        2.00528898537159,
        2.130139897763729,
        1.9793164759874344,
        2.1124406054615976,
        1.9577406987547874,
        2.0960006311535837,
        1.9400350645184516,
        2.081827221810818,
        1.9248479321599006,
        2.0678404420614243,
        1.9113133519887924,
        2.055591458082199,
        1.899889050424099,
        2.044257529079914,
        1.8898080185055732,
        2.0338040843605993,
        1.8807857438921929,
        2.0239908576011656,
        1.872795370221138,
        2.014554741978645,
        1.8655562058091164,
        2.0063992127776147,
        1.858987845480442,
        1.9985199451446534,
        1.853122751414776,
        1.991335390508175,
        1.8474679484963417,
        1.984032841026783,
        1.8426105394959449,
        1.9780762210488319,
        1.8378832399845124,
        1.9716720849275589,
        1.8334097057580947,
        1.965043269097805,
        1.8294525548815728,
        1.9598550483584405,
        1.8256757080554962,
        1.9548289835453034,
        1.822003136575222,
        1.9266490146517754,
        1.8187728106975556,
        1.9223516657948494,
        1.8159908205270767,
        1.9189270541071892,
        1.8134851098060607,
        1.9151722937822342,
        1.8109917044639587,
        1.911893218755722,
        1.8086318477988244,
        1.9084180682897567,
        1.8063504323363304,
        1.9055075630545617,
        1.8042407780885696,
        1.9028562217950822,
        1.8020389705896378,
        1.899887552857399,
        1.800083015859127,
        1.8966414779424667,
        1.7980757400393486,
        1.8939813762903213,
        1.796325120329857,
        1.8920707553625107,
        1.7944261997938156,
        1.8890198975801469,
        1.7926418468356133,
        1.8867278099060059,
        1.791117799282074,
        1.8847939103841782,
        1.7894098281860351,
        1.8823921605944633
    ],
    "test_acc": [
        0.0941,
        0.174,
        0.28559999999999997,
        0.20979999999999996,
        0.4769,
        0.2537,
        0.5794999999999999,
        0.27949999999999997,
        0.6279,
        0.3044,
        0.6541999999999999,
        0.32989999999999997,
        0.6725,
        0.3528,
        0.6829999999999999,
        0.37520000000000003,
        0.6912999999999999,
        0.39209999999999995,
        0.6981999999999999,
        0.4072,
        0.7058,
        0.42129999999999995,
        0.7123999999999999,
        0.434,
        0.7175,
        0.44409999999999994,
        0.7227,
        0.45339999999999997,
        0.7271000000000001,
        0.46319999999999995,
        0.7312000000000001,
        0.4735000000000001,
        0.7341,
        0.48219999999999996,
        0.7367,
        0.49130000000000007,
        0.7393000000000001,
        0.4997,
        0.7417,
        0.5073,
        0.7433,
        0.514,
        0.7447999999999999,
        0.5211000000000001,
        0.7482,
        0.5293000000000001,
        0.7497,
        0.5346,
        0.7529,
        0.5396,
        0.7556,
        0.5788,
        0.7576999999999999,
        0.5855999999999999,
        0.7585000000000001,
        0.5886,
        0.7597,
        0.5927,
        0.7617,
        0.5967,
        0.7635,
        0.5998,
        0.7653,
        0.6022,
        0.7663,
        0.6048,
        0.7681,
        0.6073999999999999,
        0.7687999999999999,
        0.6111,
        0.7709999999999999,
        0.6139,
        0.7723,
        0.6156,
        0.7741,
        0.6196,
        0.7753,
        0.6212,
        0.7757999999999999,
        0.6240000000000001,
        0.777,
        0.6261
    ]
}