{"intra": [0, 0, 0, 0, 4.3592785030969505, 4.3592785030969505, 4.3592785030969505, 4.3592785030969505, 4.3592785030969505, 8.966929599932877, 8.966929599932877, 8.966929599932877, 8.966929599932877, 8.966929599932877, 11.72481146263897, 11.72481146263897, 11.72481146263897, 11.72481146263897, 11.72481146263897, 15.608859756925087, 15.608859756925087, 15.608859756925087, 15.608859756925087, 15.608859756925087, 19.563452937806105, 19.563452937806105, 19.563452937806105, 19.563452937806105, 19.563452937806105, 24.9985025317527, 24.9985025317527, 24.9985025317527, 24.9985025317527, 24.9985025317527, 29.09959397870546, 29.09959397870546, 29.09959397870546, 29.09959397870546, 29.09959397870546, 33.03909041810822, 33.03909041810822, 33.03909041810822, 33.03909041810822, 33.03909041810822, 38.25805598693733, 38.25805598693733, 38.25805598693733, 38.25805598693733, 38.25805598693733, 42.36193934272403, 42.36193934272403, 42.36193934272403, 42.36193934272403, 42.36193934272403, 46.75335752315796, 46.75335752315796, 46.75335752315796, 46.75335752315796, 46.75335752315796, 52.61016326305785, 52.61016326305785, 52.61016326305785, 52.61016326305785, 52.61016326305785, 56.932779000105036, 56.932779000105036, 56.932779000105036, 56.932779000105036, 56.932779000105036, 60.361372383995345, 60.361372383995345, 60.361372383995345, 60.361372383995345, 60.361372383995345, 65.75678169042199, 65.75678169042199, 65.75678169042199, 65.75678169042199, 65.75678169042199, 69.33457486048694, 69.33457486048694, 69.33457486048694, 69.33457486048694, 69.33457486048694, 73.52596461035033, 73.52596461035033, 73.52596461035033, 73.52596461035033, 73.52596461035033, 77.69591802503446, 77.69591802503446, 77.69591802503446, 77.69591802503446, 77.69591802503446, 81.67822217069288, 81.67822217069288, 81.67822217069288, 81.67822217069288, 81.67822217069288, 86.616603220167, 86.616603220167, 86.616603220167, 86.616603220167, 86.616603220167, 90.64134971998423], "inter": [0, 0, 0, 0, 4.3592785030969505, 4.3592785030969505, 4.3592785030969505, 4.3592785030969505, 4.3592785030969505, 8.966929599932877, 8.966929599932877, 8.966929599932877, 8.966929599932877, 8.966929599932877, 11.72481146263897, 11.72481146263897, 11.72481146263897, 11.72481146263897, 11.72481146263897, 15.608859756925087, 15.608859756925087, 15.608859756925087, 15.608859756925087, 15.608859756925087, 19.563452937806105, 19.563452937806105, 19.563452937806105, 19.563452937806105, 19.563452937806105, 24.9985025317527, 24.9985025317527, 24.9985025317527, 24.9985025317527, 24.9985025317527, 29.09959397870546, 29.09959397870546, 29.09959397870546, 29.09959397870546, 29.09959397870546, 33.03909041810822, 33.03909041810822, 33.03909041810822, 33.03909041810822, 33.03909041810822, 38.25805598693733, 38.25805598693733, 38.25805598693733, 38.25805598693733, 38.25805598693733, 42.36193934272403, 42.36193934272403, 42.36193934272403, 42.36193934272403, 42.36193934272403, 46.75335752315796, 46.75335752315796, 46.75335752315796, 46.75335752315796, 46.75335752315796, 52.61016326305785, 52.61016326305785, 52.61016326305785, 52.61016326305785, 52.61016326305785, 56.932779000105036, 56.932779000105036, 56.932779000105036, 56.932779000105036, 56.932779000105036, 60.361372383995345, 60.361372383995345, 60.361372383995345, 60.361372383995345, 60.361372383995345, 65.75678169042199, 65.75678169042199, 65.75678169042199, 65.75678169042199, 65.75678169042199, 69.33457486048694, 69.33457486048694, 69.33457486048694, 69.33457486048694, 69.33457486048694, 73.52596461035033, 73.52596461035033, 73.52596461035033, 73.52596461035033, 73.52596461035033, 77.69591802503446, 77.69591802503446, 77.69591802503446, 77.69591802503446, 77.69591802503446, 81.67822217069288, 81.67822217069288, 81.67822217069288, 81.67822217069288, 81.67822217069288, 86.616603220167, 86.616603220167, 86.616603220167, 86.616603220167, 86.616603220167, 90.64134971998423]}