{
    "100000000.0": {
        "neighbour": [
            0.19681212,
            0.27690618600000017,
            0.3504428930000003,
            0.3557876259999997,
            0.39478039900000006,
            0.40407959899999923,
            0.45418741199999957,
            0.46052385300000154,
            0.47996497100000113,
            0.5011497580000004,
            0.5411751439999968,
            0.5730237590000016,
            0.6050398389999998,
            0.6381512369999953,
            0.6721283970000016,
            0.7061150110000014,
            0.7405638500000009,
            0.7749446099999986,
            0.8097525440000055,
            0.8441374619999991,
            0.8779213699999957,
            0.9116650230000047,
            0.9448520039999977,
            0.978751330999998,
            1.0110531500000093,
            1.0428754309999988,
            1.0753232619999977,
            1.1077883549999967,
            1.140320391000003,
            1.1719378459999916
        ],
        "ring": [
            0.3227483999999947,
            0.45173847999998884,
            0.5783428800000081,
            0.5810482400000012,
            0.6480059329999932,
            0.6523670509999988,
            0.7138494529999946,
            0.7431510790000004,
            0.7782684800000084,
            0.7808321600000028,
            0.8436399200000011,
            0.8773486529999985,
            0.8808923199999867,
            0.9234478399999944,
            0.9711261059999856,
            0.9971976079999934,
            1.0324465529999998,
            1.0720983049999973,
            1.1064836930000013,
            1.1451179459999992,
            1.1680827980000004,
            1.1962776389999874,
            1.2326740060000247,
            1.26373480700002,
            1.3000660579999987,
            1.3313313410000092,
            1.368060230999987,
            1.400047139999998,
            1.435228938000023,
            1.4646837000000232
        ],
        "2d_torus": [
            0.3997348800000111,
            0.558665359999992,
            0.7150760399999854,
            0.7176787600000125,
            0.727634026000004,
            0.7873812790000159,
            0.8759471990000236,
            0.8925249849999943,
            0.9569652229999974,
            0.986515197999978,
            1.0512473690000093,
            1.112424969000017,
            1.1779664240000045,
            1.2462034899999992,
            1.3073988890000123,
            1.37595834199999,
            1.4421970230000056,
            1.5062346609999793,
            1.5733425679999868,
            1.6398997010000187,
            1.7050213560000032,
            1.7716692200000068,
            1.8379740219999974,
            1.9039591789999974,
            1.970602031999988,
            2.0369292990000076,
            2.103181500000005,
            2.1695568740000226,
            2.23587833900001,
            2.3023482469999976
        ],
        "complete": [
            1.4822845599999823
        ],
        "ring-based allreduce": [
            1.436466868000025
        ]
    }
}