{
    "link=1000000000.0,node=1000000000.0": {
        "ring-based_allreduce": [
            50.082805779,
            60.048680418000004,
            100.05222676300002,
            50.15716581100003,
            50.258573119000005,
            70.08713122799998,
            30.258573118999948,
            50.087131227999976,
            70.03020098499996,
            50.22619824499998
        ],
        "hier_favg": [
            21.11511534600001,
            20.758029346,
            21.164401345999977,
            20.46593533799995,
            31.32089539399999,
            31.204178393999996,
            20.758029345999944,
            21.590733393999926,
            21.045869297999957,
            21.09872839400009
        ]
    }
}