{
    "link=10000000000.0,node=1000000000.0": {
        "ring-based_allreduce": [
            10.082762519,
            12.048647973000001,
            20.05219431799999,
            10.157100920999994,
            10.258454153999992,
            14.087077153000052,
            6.258454153999992,
            10.087077152999996,
            14.03017935500003,
            10.226100909999957
        ],
        "2d_torus-1": [
            1.5153999999999996,
            1.5177909490000019,
            1.4206963440000209,
            1.5168000000000177,
            1.4206882100000087,
            1.516518116000043,
            1.517790949000016,
            1.516518115999986,
            1.5153999999999996,
            1.5177909489999593
        ],
        "2d_torus-2": [
            3.032805522000002,
            3.2858455460000044,
            3.3714999999999975,
            2.9811177359999874,
            3.37221197300002,
            2.9821279660000073,
            3.2858455460000187,
            3.283423846000005,
            3.0330999999999904,
            3.2847000000000435
        ],
        "ring-1": [
            1.4080394280000021,
            1.4080394280000093,
            1.2949999999999875,
            1.4080394280000235,
            1.4081000000000188,
            0.5965048269999897,
            1.408039427999995,
            0.5965048270000466,
            1.408039427999995,
            1.4080394279999382
        ],
        "ring-2": [
            1.733498806,
            1.7344495149999943,
            1.5882000000000005,
            1.733469241999984,
            1.718999999999994,
            0.8057000000000016,
            1.7344495149999943,
            0.8056999999999448,
            1.733498806,
            1.7344495150000512
        ],
        "star-1": [
            0.8867000000000012,
            0.8885999999999967,
            0.8858940500000188,
            0.8990000000000009,
            0.8870568419999927,
            0.8120519990000048,
            0.8874000000000137,
            0.8120911989999513,
            0.8867000000000189,
            0.8885999999999967
        ],
        "star-2": [
            2.490622343000002,
            2.424756630999994,
            2.531319446999987,
            2.510378166999999,
            3.0582237209999903,
            2.565301255999998,
            2.4618357350000224,
            2.5648870800000054,
            2.4906877350000514,
            2.444114486999979
        ],
        "random-1": [
            1.5187999999999988,
            1.5202000000000027,
            1.2162999999999897,
            1.518999999999977,
            1.41640000000001,
            1.5185999999999922,
            1.5201999999999884,
            1.518700000000024,
            1.5187999999999988,
            1.5200999999999567
        ],
        "random-2": [
            3.1031101500000062,
            3.148447133999994,
            3.3714999999999975,
            3.0920295080000244,
            3.372468445000038,
            3.0917734989999985,
            3.080764428000009,
            3.0996000000000095,
            3.103499999999997,
            3.147699999999986
        ],
        "complete-1": [
            1.5189999999999984,
            1.5190000000000055,
            1.425200000000018,
            1.5206000000000017,
            1.4313999999999965,
            1.5194000000000187,
            1.5190000000000055,
            1.5196000000000254,
            1.5190000000000055,
            1.519800000000032
        ],
        "hier_favg": [
            5.114780392999997,
            4.757694392999994,
            5.164066393000013,
            4.465734443999992,
            7.32044879,
            7.203731790000063,
            4.757694393000008,
            5.59028679000005,
            5.045645995999962,
            5.098281789999987
        ]
    }
}