{
    "link=10000000000.0,node=10000000000.0": {
        "ring-based_allreduce": [
            10.058551909
        ],
        "hier_favg": [
            4.170829125000001
        ]
    }
}